VPN Name,Best For,Price/mo,Website Link
NordVPN,Streaming, Privacy,3.33,https://globalvpnaccess.com/products/nordvpn
Surfshark VPN,Cheapest Option,2.49,https://globalvpnaccess.com/products/surfshark
ExpressVPN,Fastest Speeds,6.67,https://globalvpnaccess.com/products/expressvpn
CyberGhost VPN,Streaming & Ease of Use,2.29,https://globalvpnaccess.com/products/cyberghost-vpn
Private Internet Access,Advanced Privacy,2.03,https://globalvpnaccess.com/products/private-internet-access
Proton VPN,Security & Transparency,4.99,https://globalvpnaccess.com/products/proton-vpn
Atlas VPN,Budget Friendly,1.83,https://globalvpnaccess.com/products/atlas-vpn
VyprVPN,Anti-Censorship,5.00,https://globalvpnaccess.com/products/vyprvpn
IPVanish,Unlimited Devices,3.99,https://globalvpnaccess.com/products/ipvanish
TunnelBear VPN,Beginner Friendly,3.33,https://globalvpnaccess.com/products/tunnelbear
Hotspot Shield,Casual Streaming,7.99,https://globalvpnaccess.com/products/hotspot-shield
Windscribe VPN,Flexible Free Plan,4.08,https://globalvpnaccess.com/products/windscribe
StrongVPN,Reliable Performance,3.66,https://globalvpnaccess.com/products/strongvpn
ZenMate VPN,Affordable Privacy,1.99,https://globalvpnaccess.com/products/zenmate-vpn
Mullvad VPN,Privacy Purists,5.00,https://globalvpnaccess.com/products/mullvad-vpn
Hide.me VPN,Privacy & Speed,2.69,https://globalvpnaccess.com/products/hide-me-vpn
Ivacy VPN,Multi-Device Security,1.19,https://globalvpnaccess.com/products/ivacy-vpn
PrivateVPN,Streaming Access,2.00,https://globalvpnaccess.com/products/privatevpn
AirVPN,Advanced Customization,7.00,https://globalvpnaccess.com/products/airvpn
Perfect Privacy VPN,Maximum Privacy Control,12.99,https://globalvpnaccess.com/products/perfect-privacy-vpn
